鸡场名称,制单人名称,手机,鸡场进鸡数,鸡场存栏数,养殖日志记录数,喂养单数,产蛋单数,死淘单数
汝宏农牧,柯曼芳,15038822261,63080,-223,3,2,2,3
北京产蛋鸡场,柯曼芳,18671636425,0,263626,90,90,90,90
威县产蛋鸡场,王晓军,,0,898077,540,546,540,540
威县青年鸡场,王晓军,,0,339873,179,181,179,179
河北东亿达养殖有限公司,,,0,199062,8,8,8,8
郓城县诚敬和养殖场,,,0,19873,1,1,1,1
康承养鸡场,,,0,8993,10,10,10,10
父母代蛋鸡场,,,33287,33455,8,6,4,8
刘集产蛋鸡场,,,149503,467773,320,231,325,320
保定大明养殖场,,,99993,99982,6,1,0,6
