鸡场名称,制单人名称,手机,鸡场进鸡数,鸡场存栏数,养殖日志记录数,喂养单数,产蛋单数,死淘单数
汝宏农牧,柯曼芳,15038822261,0,-201,2,2,2,2
产蛋鸡场,李磊,,10088,10084,2,3,1,2
乐乐演示鸡场,柯曼芳,15611039633,99990,174582,2,3,5,2
北京产蛋鸡场,柯曼芳,18671636425,0,264866,175,174,175,175
威县产蛋鸡场,王晓军,,0,910080,557,591,557,557
威县青年鸡场,王晓军,,413430,341797,87,87,87,87
河北东亿达养殖有限公司,,,0,199078,1,1,1,1
滨州农牧网演示鸡场,,,0,9999,1,1,1,1
康承养鸡场,,,4500,8994,4,4,4,4
父母代蛋鸡场,,,23555,19720,2,6,3,2
